Fold,SBS_Best_Models
0,MOEAD
1,MOEAD
2,MOEAD
3,MOEAD
4,MOEAD
5,MOEAD
6,MOEAD
7,MOEAD
8,MOEAD
9,MOEAD
10,MOEAD
11,MOEAD
12,MOEAD
13,MOEAD
14,MOEAD
15,MOEAD
16,MOEAD
17,MOEAD
18,MOEAD
19,MOEAD
20,MOEAD
21,MOEAD
22,MOEAD
23,MOEAD
24,MOEAD
25,MOEAD
26,MOEAD
27,MOEAD
28,MOEAD
29,MOEAD
30,MOEAD
31,MOEAD
32,MOEAD
33,MOEAD
34,MOEAD
35,MOEAD
36,MOEAD
37,MOEAD
38,MOEAD
39,MOEAD
40,MOEAD
41,MOEAD
42,MOEAD
43,MOEAD
44,MOEAD
45,MOEAD
46,MOEAD
47,MOEAD
48,MOEAD
49,MOEAD
50,MOEAD
51,MOEAD
52,MOEAD
53,MOEAD
54,MOEAD
55,MOEAD
56,MOEAD
57,MOEAD
58,MOEAD
59,MOEAD
60,MOEAD
61,MOEAD
62,MOEAD
63,MOEAD
64,MOEAD
65,MOEAD
66,MOEAD
67,MOEAD
68,MOEAD
69,MOEAD
70,MOEAD
71,MOEAD
72,MOEAD
73,MOEAD
74,MOEAD
75,MOEAD
76,MOEAD
77,MOEAD
78,MOEAD
79,MOEAD
80,MOEAD
81,MOEAD
82,MOEAD
83,MOEAD
84,MOEAD
85,MOEAD
86,MOEAD
87,MOEAD
88,MOEAD
89,MOEAD
90,MOEAD
91,MOEAD
92,MOEAD
93,MOEAD
94,MOEAD
95,MOEAD
96,MOEAD
97,MOEAD
98,MOEAD
99,MOEAD
